{
  "ddicmm029": null,
  "ddicmm030": 1.9053876478318,
  "ddicmm031": 2.9894875164257555,
  "ddicmm033": 9.00131406044678,
  "ddicmm034": 12.089356110381075,
  "ddicmm036": 12.089356110381075,
  "ddicmm037": 15.013140604467806,
  "ddicmm039": 18.495400788436267,
  "ddicmm041": 24.40867279894875,
  "ddicmm043": null,
  "ddicmd044": null,
  "ddicmd116": 6.011826544021025,
  "ddicmd136": 15.013140604467806,
  "ddicmd141": 18.396846254927727,
  "ddicmd148": NaN,
  "ddifmd001": null,
  "ddifmd002": 1.9053876478318,
  "ddifmd003": 2.9894875164257555,
  "ddifmm004": 3.088042049934297,
  "ddifmd005": 6.011826544021025,
  "ddifmd007": 9.00131406044678,
  "ddifmd008": 9.00131406044678,
  "ddifmm009": 9.00131406044678,
  "ddifmd010": 12.089356110381075,
  "ddifmd011": 15.013140604467806,
  "ddifmm012": 15.013140604467806,
  "ddifmd013": 18.495400788436267,
  "ddifmm014": 18.593955321944808,
  "ddifmd015": 24.31011826544021,
  "ddifmm016": 24.40867279894875,
  "ddifmd017": null,
  "ddifmd018": null,
  "ddifmm019": null,
  "ddifmd154": null,
  "ddigmd006": 6.011826544021025,
  "ddigmd052": null,
  "ddigmd053": null,
  "ddigmd054": 2.9894875164257555,
  "ddigmd055": 6.011826544021025,
  "ddigmd056": null,
  "ddigmd057": 3.088042049934297,
  "ddigmd058": 6.011826544021025,
  "ddigmd059": 6.011826544021025,
  "ddigmm060": 9.00131406044678,
  "ddigmd061": 9.00131406044678,
  "ddigmd062": 9.00131406044678,
  "ddigmd063": 12.089356110381075,
  "ddigmm064": 12.089356110381075,
  "ddigmm065": 12.089356110381075,
  "ddigmm066": 15.013140604467806,
  "ddigmm067": 15.013140604467806,
  "ddigmd068": 18.495400788436267,
  "ddigmd069": 18.495400788436267,
  "ddigmd070": NaN,
  "ddigmd071": null,
  "ddigmd146": 24.40867279894875,
  "ddigmd168": 24.21156373193167
}